tconst,titleType,primaryTitle,originalTitle,isAdult,startYear,endYear,runtimeMinutes,genres
tt9916234,tvEpisode,Preizkusnja,Preizkusnja,0,2009,\N,\N,Reality-TV
tt9916236,tvEpisode,Akcija,Akcija,0,2009,\N,\N,Reality-TV
tt9916238,tvEpisode,The Pot of Gold,The Pot of Gold,0,2008,\N,\N,"Animation,Family,Short"
tt9916240,tvEpisode,Dojemanje,Dojemanje,0,2009,\N,\N,Reality-TV
tt9916242,tvEpisode,Obsojanje,Obsojanje,0,2010,\N,\N,Reality-TV
tt9916244,tvEpisode,Propad,Propad,0,2010,\N,\N,Reality-TV
tt9916246,tvEpisode,Uspeh,Uspeh,0,2010,\N,\N,Reality-TV
tt9916248,tvMovie,Mahiwaga,Mahiwaga,0,1996,\N,\N,"Action,Horror,Thriller"
tt9916250,tvEpisode,Rumplestiltskin,Rumplestiltskin,0,2008,\N,\N,"Animation,Family,Short"
tt9916252,tvEpisode,The Water of Life,The Water of Life,0,2008,\N,\N,"Animation,Family,Short"
tt9916254,video,Big Tit Cream Pie 32,Big Tit Cream Pie 32,1,2015,\N,226,Adult
tt9916256,tvEpisode,The Selfish Giant,The Selfish Giant,0,2008,\N,\N,"Animation,Family,Short"
tt9916258,tvEpisode,The Three Wishes,The Three Wishes,0,2008,\N,\N,"Animation,Family,Short"
tt9916260,tvEpisode,Episode #10.32,Episode #10.32,0,2019,\N,120,"News,Sport,Talk-Show"
tt9916262,tvEpisode,Episode dated 4 March 2019,Episode dated 4 March 2019,0,2019,\N,\N,"News,Talk-Show"
tt9916264,tvEpisode,The Lion and the Mouse,The Lion and the Mouse,0,2008,\N,\N,"Animation,Family,Short"
tt9916266,tvEpisode,Abella Danger Meets Vlad for Anal,Abella Danger Meets Vlad for Anal,1,2019,\N,\N,Adult
tt9916268,tvEpisode,The Tsarevna Frog,The Tsarevna Frog,0,2008,\N,\N,"Animation,Family,Short"
tt9916270,movie,Il talento del calabrone,Il talento del calabrone,0,2020,\N,84,Thriller
tt9916272,tvEpisode,Horrid Henry and the Christening Crisis,Horrid Henry and the Christening Crisis,0,2011,\N,10,"Adventure,Animation,Comedy"
tt9916274,tvEpisode,The Happy Prince,The Happy Prince,0,2008,\N,\N,"Animation,Family,Short"
tt9916276,tvEpisode,Jordan: Part 2,Jordan: Part 2,0,2019,\N,\N,Documentary
tt9916278,tvEpisode,Caron Treatment Centers Part 2,Caron Treatment Centers Part 2,0,2019,\N,\N,News
tt9916280,tvEpisode,Episode #1.1,Episode #1.1,0,2018,\N,45,Documentary
tt9916282,tvEpisode,Pandora's Box,Pandora's Box,0,2008,\N,\N,"Animation,Family,Short"
tt9916284,tvEpisode,The Tongue Cut Sparrow,The Tongue Cut Sparrow,0,2008,\N,\N,"Animation,Family,Short"
tt9916286,tvEpisode,Paw Turns Over a Leaf,Paw Turns Over a Leaf,0,1952,\N,\N,Comedy
tt9916288,video,Rockpaint II,Rockpaint II,0,2019,\N,\N,"Animation,Comedy,Sci-Fi"
tt9916290,tvEpisode,Caron Treatment Centers Part 3,Caron Treatment Centers Part 3,0,2019,\N,\N,News
tt9916292,tvEpisode,Episode dated 11 March 2019,Episode dated 11 March 2019,0,2019,\N,\N,News
tt9916294,tvEpisode,Episode dated 12 March 2019,Episode dated 12 March 2019,0,2019,\N,\N,News
tt9916296,tvEpisode,Episode dated 13 March 2019,Episode dated 13 March 2019,0,2019,\N,\N,News
tt9916298,tvEpisode,Episode dated 14 March 2019,Episode dated 14 March 2019,0,2019,\N,\N,News
tt9916300,tvEpisode,Episode dated 15 March 2019,Episode dated 15 March 2019,0,2019,\N,\N,News
tt9916302,tvEpisode,Zatrute litery,Zatrute litery,0,\N,\N,\N,Crime
tt9916304,tvEpisode,Caron Treatment Centers Part 4,Caron Treatment Centers Part 4,0,2019,\N,\N,News
tt9916306,tvEpisode,Episode #16.3,Episode #16.3,0,2016,\N,\N,"Comedy,Talk-Show"
tt9916308,tvEpisode,Jordan: Part 1,Jordan: Part 1,0,2019,\N,\N,Documentary
tt9916310,tvEpisode,Episode dated 10 April 2015,Episode dated 10 April 2015,0,2015,\N,\N,"News,Talk-Show"
tt9916312,short,"A New ERA, Equal Representation for Actresses Campaign","A New ERA, Equal Representation for Actresses Campaign",0,2018,\N,\N,Short
tt9916314,tvEpisode,True Wealth KIDS Part 1,True Wealth KIDS Part 1,0,2019,\N,\N,News
tt9916316,tvEpisode,Tim Mälzer vs. Max Strohe,Tim Mälzer vs. Max Strohe,0,2019,\N,\N,Reality-TV
tt9916318,tvEpisode,Thumbelina,Thumbelina,0,2008,\N,\N,"Animation,Family,Short"
tt9916320,tvEpisode,The Hare and the Lion,The Hare and the Lion,0,2008,\N,\N,"Animation,Family,Short"
tt9916322,tvEpisode,Episode dated 11 March 2019,Episode dated 11 March 2019,0,2019,\N,\N,"News,Talk-Show"
tt9916324,tvEpisode,Episode dated 12 March 2019,Episode dated 12 March 2019,0,2019,\N,\N,"News,Talk-Show"
tt9916326,tvEpisode,True Wealth KIDS Part 2,True Wealth KIDS Part 2,0,2019,\N,\N,News
tt9916328,tvEpisode,Episode dated 13 March 2019,Episode dated 13 March 2019,0,2019,\N,\N,"News,Talk-Show"
tt9916330,tvEpisode,Episode dated 14 March 2019,Episode dated 14 March 2019,0,2019,\N,\N,"News,Talk-Show"
tt9916332,tvEpisode,Episode dated 15 March 2019,Episode dated 15 March 2019,0,2019,\N,\N,"News,Talk-Show"
tt9916334,tvEpisode,The Rat's Daughter,The Rat's Daughter,0,2008,\N,\N,"Animation,Family,Short"
tt9916338,tvEpisode,True Wealth KIDS Part 3,True Wealth KIDS Part 3,0,2019,\N,\N,News
tt9916340,tvEpisode,Hvem er best til å sjekke opp Therese Johaug?,Hvem er best til å sjekke opp Therese Johaug?,0,2014,\N,5,"Comedy,Documentary,Sport"
tt9916342,tvEpisode,Kombinertgutta lærer Mats og Erling å hoppe i Kollen,Kombinertgutta lærer Mats og Erling å hoppe i Kollen,0,2014,\N,5,"Comedy,Documentary,Sport"
tt9916344,tvEpisode,Mats og Erling besøker Bø og Hegle Svendsen,Mats og Erling besøker Bø og Hegle Svendsen,0,2014,\N,5,"Comedy,Documentary,Sport"
tt9916346,tvEpisode,Arne Scheie mener Mats og Erling kan overta etter han,Arne Scheie mener Mats og Erling kan overta etter han,0,2014,\N,5,"Comedy,Documentary,Sport"
tt9916348,video,Ancient World Exposed,Ancient World Exposed,0,2019,\N,67,History
tt9916350,tvEpisode,Manikyr med hockeylandslaget,Manikyr med hockeylandslaget,0,2014,\N,4,"Comedy,Documentary,Sport"
tt9916352,tvEpisode,Hjemme hos Marit Bjørgen,Hjemme hos Marit Bjørgen,0,2014,\N,3,"Comedy,Documentary,Sport"
tt9916354,tvEpisode,Marit Bjørgen lærer Mats og Erling å bli toppidrettsutøvere,Marit Bjørgen lærer Mats og Erling å bli toppidrettsutøvere,0,2014,\N,4,"Comedy,Documentary,Sport"
tt9916356,tvEpisode,True Wealth KIDS Part 4,True Wealth KIDS Part 4,0,2019,\N,\N,News
tt9916358,tvEpisode,Strikkekurs med Tora Berger,Strikkekurs med Tora Berger,0,2014,\N,4,"Comedy,Documentary,Sport"
tt9916360,tvEpisode,Tag 5 (860),Tag 5 (860),0,2019,\N,\N,Reality-TV
tt9916362,movie,Coven,Akelarre,0,2020,\N,92,"Drama,History"
tt9916364,tvEpisode,The Magic Porrdige Pot,The Magic Porrdige Pot,0,2008,\N,\N,"Animation,Family,Short"
tt9916366,tvEpisode,The Higgledy-Piggedly Palace,The Higgledy-Piggedly Palace,0,2008,\N,\N,"Animation,Family,Short"
tt9916368,tvEpisode,Tag 4: Joisy/Hinterzarten (859),Tag 4: Joisy/Hinterzarten (859),0,2019,\N,\N,Reality-TV
tt9916370,tvEpisode,True Wealth KIDS Part 5,True Wealth KIDS Part 5,0,2019,\N,\N,News
tt9916372,tvEpisode,Tag 3: Sascha/Falkenstein (858),Tag 3: Sascha/Falkenstein (858),0,2019,\N,\N,Reality-TV
tt9916374,tvEpisode,Tag 2: Sandra/Uechtelhausen (857),Tag 2: Sandra/Uechtelhausen (857),0,2019,\N,\N,Reality-TV
tt9916376,tvEpisode,Tag 1: Jacqueline/Duisburg (856),Tag 1: Jacqueline/Duisburg (856),0,2019,\N,\N,Reality-TV
tt9916378,tvEpisode,Episode dated 11 March 2019,Episode dated 11 March 2019,0,2019,\N,\N,Talk-Show
tt9916380,tvSeries,Meie aasta Aafrikas,Meie aasta Aafrikas,0,2019,\N,43,"Adventure,Comedy,Family"
tt9916382,tvEpisode,Tag 5: Finale (855),Tag 5: Finale (855),0,2019,\N,\N,Reality-TV
tt9916384,tvEpisode,Episode dated 12 March 2019,Episode dated 12 March 2019,0,2019,\N,\N,Talk-Show
tt9916386,tvEpisode,Episode dated 13 March 2019,Episode dated 13 March 2019,0,2019,\N,\N,Talk-Show
tt9916388,tvEpisode,Episode dated 14 March 2019,Episode dated 14 March 2019,0,2019,\N,\N,Talk-Show
tt9916390,tvEpisode,Episode dated 15 March 2019,Episode dated 15 March 2019,0,2019,\N,\N,Talk-Show
tt9916392,tvEpisode,Tag 4: Claudia/Ludwigsburg (854),Tag 4: Claudia/Ludwigsburg (854),0,2019,\N,\N,Reality-TV
tt9916394,tvEpisode,Tag 3: Margaret/Saarbrücken (853),Tag 3: Margaret/Saarbrücken (853),0,2019,\N,\N,Reality-TV
tt9916396,tvEpisode,Episode dated 5 April 2018,Episode dated 5 April 2018,0,2018,\N,\N,"News,Reality-TV,Talk-Show"
tt9916398,tvEpisode,Tag 2: Stephanie/Harztor (852),Tag 2: Stephanie/Harztor (852),0,2019,\N,\N,Reality-TV
tt9916400,tvEpisode,Horrid Henry Stamp Collector,Horrid Henry Stamp Collector,0,2011,\N,10,"Adventure,Animation,Comedy"
tt9916402,tvEpisode,Tag 1: Yvonne/Heikendorf (851),Tag 1: Yvonne/Heikendorf (851),0,2019,\N,\N,Reality-TV
tt9916404,tvEpisode,Episode #1.2,Episode #1.2,0,2018,\N,\N,Documentary
tt9916406,tvEpisode,Hotel pod poleglym alpinista.,Hotel pod poleglym alpinista.,0,1976,\N,68,Crime
tt9916408,tvEpisode,La canción de los cometas I,La canción de los cometas I,0,1983,\N,\N,Family
tt9916410,tvEpisode,La canción de los cometas II,La canción de los cometas II,0,1983,\N,\N,Family
tt9916412,tvEpisode,2018/19: 9/3/19,2018/19: 9/3/19,0,2019,\N,\N,"News,Sport"
tt9916414,tvEpisode,Episode dated 11 March 2019,Episode dated 11 March 2019,0,2019,\N,\N,Talk-Show
tt9916416,video,We Could Be Strangers,We Could Be Strangers,0,2017,\N,7,"Music,Short"
tt9916418,tvEpisode,Smart Moving,Smart Moving,0,2012,\N,10,"Adventure,Comedy"
tt9916420,tvEpisode,Episode #21.1,Episode #21.1,0,2019,\N,\N,"Comedy,Game-Show"
tt9916422,tvEpisode,Episode dated 15 November 2008,Episode dated 15 November 2008,0,2008,\N,\N,Talk-Show
tt9916424,tvEpisode,Mo' Explosives,Mo' Explosives,0,2012,\N,11,"Adventure,Comedy"
tt9916428,movie,The Secret of China,Hong xing zhao yao Zhong guo,0,2019,\N,\N,"Adventure,History,War"
tt9916430,tvEpisode,Episode dated 12 January 2008,Episode dated 12 January 2008,0,2008,\N,\N,Talk-Show
tt9916432,tvEpisode,Left 4 Dead,Left 4 Dead,0,2012,\N,18,"Adventure,Comedy"
tt9916434,tvEpisode,Episode dated 8 November 2008,Episode dated 8 November 2008,0,2008,\N,\N,Talk-Show
tt9916436,tvEpisode,Hijiri naru yoru (ivu nanoni hitori bocchi...),Hijiri naru yoru (ivu nanoni hitori bocchi...),0,1994,\N,24,"Animation,Comedy,Drama"
tt9916438,tvEpisode,"Tag 1: Anne & Ronny, Motto: Dorfhochzeit","Tag 1: Anne & Ronny, Motto: Dorfhochzeit",0,2012,\N,\N,Reality-TV
tt9916440,tvEpisode,Episode #1.172,Episode #1.172,0,2012,\N,\N,Reality-TV
tt9916442,tvEpisode,Episode dated 20 December 2008,Episode dated 20 December 2008,0,2008,\N,\N,Talk-Show
tt9916444,tvEpisode,"Tag 2: Lana & Joe, Motto: Flying Wedding","Tag 2: Lana & Joe, Motto: Flying Wedding",0,2012,\N,\N,Reality-TV
tt9916446,tvEpisode,Episode dated 30 December 1981,Episode dated 30 December 1981,0,1981,\N,\N,Family
tt9916448,tvEpisode,"Tag 3: Carmen & Timo, Motto: Rot-Weiße-Hochzeit","Tag 3: Carmen & Timo, Motto: Rot-Weiße-Hochzeit",0,2012,\N,\N,Reality-TV
tt9916450,tvEpisode,Horrid Henry and the Fashion Show,Horrid Henry and the Fashion Show,0,2012,\N,10,"Adventure,Animation,Comedy"
tt9916452,tvEpisode,Shoutout Sunday: Malachi,Shoutout Sunday: Malachi,0,2019,\N,\N,"Comedy,Music,Musical"
tt9916454,tvEpisode,"Tag 4: Marina & Kevin, Motto: Prinzessinen-Hochzeit","Tag 4: Marina & Kevin, Motto: Prinzessinen-Hochzeit",0,2012,\N,\N,Reality-TV
tt9916456,tvEpisode,Episode dated 13 December 2008,Episode dated 13 December 2008,0,2008,\N,\N,Talk-Show
tt9916458,tvEpisode,Tag 5: Finaltag der ersten Woche,Tag 5: Finaltag der ersten Woche,0,2012,\N,\N,Reality-TV
tt9916460,tvMovie,Pink Taxi,Pink Taxi,0,2019,\N,\N,Comedy
tt9916462,tvEpisode,Napalm & Nukes - Explosives+ Part 1,Napalm & Nukes - Explosives+ Part 1,0,2012,\N,11,"Adventure,Comedy"
tt9916464,tvEpisode,Episode dated 29 November 2008,Episode dated 29 November 2008,0,2008,\N,\N,Talk-Show
tt9916468,tvEpisode,Episode dated 25 October 2008,Episode dated 25 October 2008,0,2008,\N,\N,Talk-Show
tt9916470,tvEpisode,Volcanos & Raining TNT - Explosives+ Part 2,Volcanos & Raining TNT - Explosives+ Part 2,0,2012,\N,10,"Adventure,Comedy"
tt9916472,short,Düzensiz,Düzensiz,0,2018,\N,\N,"Drama,Short"
tt9916474,tvEpisode,Episode #1.3,Episode #1.3,0,2019,\N,45,"Drama,History,Romance"
tt9916476,tvEpisode,Jerr Allain et Antoni Rémillard,Jerr Allain et Antoni Rémillard,0,2019,\N,\N,Talk-Show
tt9916478,tvEpisode,Episode dated 18 October 2008,Episode dated 18 October 2008,0,2008,\N,\N,Talk-Show
tt9916480,tvEpisode,Episode 188,Episode 188,0,2019,\N,\N,"Biography,Drama,History"
tt9916482,tvEpisode,Predator Missiles & Stealth Bombers - Explosives+ Part 3,Predator Missiles & Stealth Bombers - Explosives+ Part 3,0,2012,\N,12,"Adventure,Comedy"
tt9916484,tvEpisode,Episode dated 16 October 2010,Episode dated 16 October 2010,0,2010,\N,\N,Talk-Show
tt9916486,tvEpisode,Horrid Henry and the Bogey Brain Sleepover,Horrid Henry and the Bogey Brain Sleepover,0,2012,\N,10,"Adventure,Animation,Comedy"
tt9916488,tvEpisode,Episode dated 14 June 2008,Episode dated 14 June 2008,0,2008,\N,\N,Talk-Show
tt9916490,tvEpisode,Remote Control Mod,Remote Control Mod,0,2012,\N,13,"Adventure,Comedy"
tt9916494,tvEpisode,Episode dated 23 December 1981,Episode dated 23 December 1981,0,1981,\N,\N,Family
tt9916498,tvEpisode,Episode dated 5 July 2008,Episode dated 5 July 2008,0,2008,\N,\N,Talk-Show
tt9916500,tvEpisode,Episode dated 27 September 2008,Episode dated 27 September 2008,0,2008,\N,\N,Talk-Show
tt9916502,tvEpisode,Horrid Henry's Perfect Protest,Horrid Henry's Perfect Protest,0,2012,\N,10,"Adventure,Animation,Comedy"
tt9916504,tvEpisode,Big Secret! (featuring art from the Yognaughts!),Big Secret! (featuring art from the Yognaughts!),0,2012,\N,7,"Adventure,Comedy"
tt9916506,tvEpisode,Episode #1.20,Episode #1.20,0,2019,\N,\N,Drama
tt9916508,tvEpisode,Episode dated 22 March 2008,Episode dated 22 March 2008,0,2008,\N,\N,Talk-Show
tt9916510,tvEpisode,Clive Davis,Clive Davis,0,2011,\N,\N,Biography
tt9916512,tvEpisode,More Pistons Mod - Bouncy Castles!,More Pistons Mod - Bouncy Castles!,0,2012,\N,11,"Adventure,Comedy"
tt9916514,tvEpisode,The Flying Head,The Flying Head,0,2008,\N,\N,"Animation,Family,Short"
tt9916516,tvEpisode,The Greedy Merchant,The Greedy Merchant,0,2008,\N,\N,"Animation,Family,Short"
tt9916518,tvEpisode,Episode dated 24 July 1981,Episode dated 24 July 1981,0,1981,\N,\N,Family
tt9916520,tvEpisode,"Battlegear Mod - Duel Wielding, Maces, Waraxes and Shields!","Battlegear Mod - Duel Wielding, Maces, Waraxes and Shields!",0,2012,\N,12,"Adventure,Comedy"
tt9916522,tvEpisode,Balance Is Key,Balance Is Key,0,2019,\N,\N,Family
tt9916524,tvEpisode,Episode dated 14 January 2019,Episode dated 14 January 2019,0,2019,\N,\N,"News,Talk-Show"
tt9916526,tvEpisode,Episode dated 19 January 2008,Episode dated 19 January 2008,0,2008,\N,\N,Talk-Show
tt9916528,tvEpisode,Horrid Henry and the Best Boys' Club,Horrid Henry and the Best Boys' Club,0,2012,\N,10,"Adventure,Animation,Comedy"
tt9916530,tvEpisode,Lazy Jack,Lazy Jack,0,2008,\N,\N,"Animation,Family,Short"
tt9916532,tvEpisode,Episode dated 26 January 2008,Episode dated 26 January 2008,0,2008,\N,\N,Talk-Show
tt9916534,tvEpisode,King Midas and His Golden Touch,King Midas and His Golden Touch,0,2008,\N,\N,"Animation,Family,Short"
tt9916536,tvEpisode,SkyrimCraft,SkyrimCraft,0,2012,\N,15,"Adventure,Comedy"
tt9916538,movie,Kuambil Lagi Hatiku,Kuambil Lagi Hatiku,0,2019,\N,123,Drama
tt9916540,tvEpisode,Episode dated 25 October 2003,Episode dated 25 October 2003,0,2003,\N,\N,Talk-Show
tt9916542,tvEpisode,The Bremen Tour Musicians,The Bremen Tour Musicians,0,2008,\N,\N,"Animation,Family,Short"
tt9916544,short,My Sweet Prince,My Sweet Prince,0,2019,\N,12,"Drama,Short"
tt9916546,tvEpisode,The Ugly Duckling,The Ugly Duckling,0,2008,\N,\N,"Animation,Family,Short"
tt9916548,tvEpisode,Backpack Mod,Backpack Mod,0,2012,\N,8,"Adventure,Comedy"
tt9916550,tvEpisode,Episode dated 20 April 2013,Episode dated 20 April 2013,0,2013,\N,\N,Talk-Show
tt9916552,tvEpisode,The Golden Goose,The Golden Goose,0,2008,\N,\N,"Animation,Family,Short"
tt9916554,tvEpisode,The Princess and the Pea,The Princess and the Pea,0,2008,\N,\N,"Animation,Family,Short"
tt9916556,tvEpisode,Episode dated 1 March 2008,Episode dated 1 March 2008,0,2008,\N,\N,Talk-Show
tt9916558,tvEpisode,Niftycraft,Niftycraft,0,2012,\N,12,"Adventure,Comedy"
tt9916560,tvMovie,March of Dimes Presents: Once Upon a Dime,March of Dimes Presents: Once Upon a Dime,0,1963,\N,58,Family
tt9916562,tvEpisode,The Trial of William Kennedy Smith: Balmy Palm Beach,The Trial of William Kennedy Smith: Balmy Palm Beach,0,2019,\N,\N,"Crime,Documentary"
tt9916564,tvEpisode,"Stephanie Mills, Julius Sumner Miller","Stephanie Mills, Julius Sumner Miller",0,1969,\N,\N,"Comedy,Talk-Show"
tt9916566,tvEpisode,Episode dated 21 June 2008,Episode dated 21 June 2008,0,2008,\N,\N,Talk-Show
tt9916568,tvEpisode,Horrid Henry and the New Best Friend,Horrid Henry and the New Best Friend,0,2012,\N,10,"Adventure,Animation,Comedy"
tt9916570,tvEpisode,Episode dated 9 February 2008,Episode dated 9 February 2008,0,2008,\N,\N,Talk-Show
tt9916572,tvEpisode,La cigarra,La cigarra,0,1981,\N,\N,Family
tt9916574,tvEpisode,Simply Horses,Simply Horses,0,2012,\N,14,"Adventure,Comedy"
tt9916576,tvEpisode,Destinee's Story,Destinee's Story,0,2019,\N,85,Reality-TV
tt9916578,tvEpisode,The Trial of Joan Collins,The Trial of Joan Collins,0,2019,\N,\N,"Adventure,Biography,Comedy"
tt9916580,tvEpisode,Horrid Henry Horrid Boy?,Horrid Henry Horrid Boy?,0,2012,\N,10,"Adventure,Animation,Comedy"
tt9916582,tvEpisode,TV Mod,TV Mod,0,2012,\N,3,"Adventure,Comedy"
tt9916584,tvEpisode,Episode dated 3 January 2015,Episode dated 3 January 2015,0,2015,\N,\N,News
tt9916586,tvEpisode,Episode dated 3 January 2016,Episode dated 3 January 2016,0,2016,\N,\N,News
tt9916588,tvEpisode,Episode dated 3 January 2014,Episode dated 3 January 2014,0,2014,\N,\N,News
tt9916590,tvEpisode,Episode dated 3 January 2013,Episode dated 3 January 2013,0,2013,\N,\N,News
tt9916592,tvEpisode,Episode dated 3 January 2012,Episode dated 3 January 2012,0,2012,\N,\N,News
tt9916594,tvEpisode,Episode dated 3 January 2019,Episode dated 3 January 2019,0,2019,\N,\N,News
tt9916596,tvEpisode,Episode dated 11 March 2019,Episode dated 11 March 2019,0,2019,\N,\N,News
tt9916598,tvEpisode,Hack/Mine Part 1 - The Christmas Tower,Hack/Mine Part 1 - The Christmas Tower,0,2012,\N,14,"Adventure,Comedy"
tt9916600,tvEpisode,Horrid Henry Here to Entertain You!,Horrid Henry Here to Entertain You!,0,2012,\N,15,"Adventure,Animation,Comedy"
tt9916602,tvEpisode,Hack/Mine Part 2 - Stockades,Hack/Mine Part 2 - Stockades,0,2012,\N,17,"Adventure,Comedy"
tt9916604,tvEpisode,18 Jahre Taff,18 Jahre Taff,0,2013,\N,\N,"News,Talk-Show"
tt9916606,tvEpisode,Hack/Mine Part 3 - Halloween Dungeon,Hack/Mine Part 3 - Halloween Dungeon,0,2012,\N,18,"Adventure,Comedy"
tt9916608,tvEpisode,Horrid Henry in Detention,Horrid Henry in Detention,0,2012,\N,10,"Adventure,Animation,Comedy"
tt9916610,short,Private Eye,Private Eye,0,2019,\N,22,"Drama,Mystery,Sci-Fi"
tt9916614,short,Great Walls,Great Walls,0,2019,\N,29,"Documentary,History,Short"
tt9916616,short,Terror,Terror,0,\N,\N,13,"Drama,Short"
tt9916618,tvEpisode,Cinema Mods - Bombs and Arrows!,Cinema Mods - Bombs and Arrows!,0,2012,\N,10,"Adventure,Comedy"
tt9916620,movie,The Copeland Case,The Copeland Case,0,\N,\N,\N,Drama
tt9916622,movie,Rodolpho Teóphilo - O Legado de um Pioneiro,Rodolpho Teóphilo - O Legado de um Pioneiro,0,2015,\N,57,Documentary
tt9916624,tvEpisode,Baba Yaga,Baba Yaga,0,2008,\N,\N,"Animation,Family,Short"
tt9916626,tvEpisode,Mind Control Hat - Explosives+,Mind Control Hat - Explosives+,0,2012,\N,9,"Adventure,Comedy"
tt9916628,tvEpisode,A lenda do soprador de vidro,A lenda do soprador de vidro,0,2019,\N,\N,Comedy
tt9916632,tvEpisode,The Brave Tin Soldier,The Brave Tin Soldier,0,2008,\N,\N,"Animation,Family,Short"
tt9916634,short,Eugène,Eugène,0,2018,\N,26,"Documentary,Short,Sport"
tt9916636,tvEpisode,The Fly,The Fly,0,2008,\N,\N,"Animation,Family,Short"
tt9916640,tvEpisode,Episode dated 2 February 1986,Episode dated 2 February 1986,0,1986,\N,\N,Music
tt9916642,tvEpisode,Episode dated 1 June 2016,Episode dated 1 June 2016,0,2016,\N,\N,"Documentary,News,Talk-Show"
tt9916644,tvEpisode,Episode dated 2 February 1989,Episode dated 2 February 1989,0,1989,\N,\N,Music
tt9916646,tvEpisode,Episode dated 2 February 1987,Episode dated 2 February 1987,0,1987,\N,\N,Music
tt9916648,tvEpisode,Episode dated 2 February 1988,Episode dated 2 February 1988,0,1988,\N,\N,Music
tt9916650,tvEpisode,Gulliver Mod - Grow to Giant-size or Shrink to Tiny!,Gulliver Mod - Grow to Giant-size or Shrink to Tiny!,0,2012,\N,12,"Adventure,Comedy"
tt9916652,short,Untitled well- being Documentary,Untitled well- being Documentary,0,\N,\N,\N,Short
tt9916654,tvEpisode,Episode dated 2 February 1990,Episode dated 2 February 1990,0,1990,\N,\N,Music
tt9916656,tvEpisode,Episode dated 2 February 1991,Episode dated 2 February 1991,0,1991,\N,\N,Music
tt9916658,tvEpisode,Episode dated 2 February 1992,Episode dated 2 February 1992,0,1992,\N,\N,Music
tt9916660,tvEpisode,Episode dated 2 February 1993,Episode dated 2 February 1993,0,1993,\N,\N,Music
tt9916662,tvEpisode,Rapidfire Bow & Time Control,Rapidfire Bow & Time Control,0,2012,\N,10,"Adventure,Comedy"
tt9916664,short,Untitled Land Army Girls Documentary,Untitled Land Army Girls Documentary,0,\N,\N,\N,Short
tt9916666,short,The Great Confession,The Great Confession,0,2019,\N,\N,Short
tt9916668,tvEpisode,Hack/Mine Update! - Mothers Day Dungeon,Hack/Mine Update! - Mothers Day Dungeon,0,2012,\N,13,"Adventure,Comedy"
tt9916670,tvEpisode,Horrid Henry My Weird Family,Horrid Henry My Weird Family,0,2012,\N,10,"Adventure,Animation,Comedy"
tt9916672,tvEpisode,L'échange,L'échange,0,2007,\N,\N,\N
tt9916674,tvEpisode,Hack/Mine Update! - The Easter Tower,Hack/Mine Update! - The Easter Tower,0,2012,\N,15,"Adventure,Comedy"
tt9916676,tvEpisode,Episode dated 7 December 2011,Episode dated 7 December 2011,0,2011,\N,\N,"News,Talk-Show"
tt9916678,tvSeries,Acelerados,Acelerados,0,2019,\N,\N,Comedy
tt9916680,movie,De la ilusión al desconcierto: cine colombiano 1970-1995,De la ilusión al desconcierto: cine colombiano 1970-1995,0,2007,\N,100,Documentary
tt9916682,tvEpisode,Horrid Henry It's all Your Fault,Horrid Henry It's all Your Fault,0,2012,\N,10,"Adventure,Animation,Comedy"
tt9916684,tvEpisode,Otages (1e partie),Otages (1e partie),0,2007,\N,\N,\N
tt9916688,tvEpisode,Horrid Henry Nothing but the Truth,Horrid Henry Nothing but the Truth,0,2012,\N,10,"Adventure,Animation,Comedy"
tt9916690,tvEpisode,Horrid Henry Delivers the Milk,Horrid Henry Delivers the Milk,0,2012,\N,10,"Adventure,Animation,Comedy"
tt9916692,tvMovie,Teatroteka: Czlowiek bez twarzy,Teatroteka: Czlowiek bez twarzy,0,2015,\N,66,Drama
tt9916694,tvEpisode,Rebuilding Retro,Rebuilding Retro,0,2019,\N,\N,Reality-TV
tt9916696,short,Who's Next..? The justice on its way,Who's Next..? The justice on its way,0,2019,\N,\N,"Short,Thriller"
tt9916698,short,Horevete?,Horevete?,0,2019,\N,\N,Short
tt9916700,tvEpisode,Apex Cartoon - Meet the Legends,Apex Cartoon - Meet the Legends,0,2019,\N,\N,\N
tt9916702,short,Loving London: The Playground,Loving London: The Playground,0,\N,\N,\N,"Drama,Short"
tt9916704,tvEpisode,La face cachée du mentalisme,La face cachée du mentalisme,0,2019,\N,\N,Documentary
tt9916706,movie,Dankyavar Danka,Dankyavar Danka,0,2013,\N,\N,Comedy
tt9916708,tvEpisode,Horrid Henry Goes Gross,Horrid Henry Goes Gross,0,2012,\N,\N,"Adventure,Animation,Comedy"
tt9916710,tvEpisode,Episode dated 21 February 2012,Episode dated 21 February 2012,0,2012,\N,\N,Talk-Show
tt9916712,tvEpisode,Episode dated 22 February 2012,Episode dated 22 February 2012,0,2012,\N,\N,Talk-Show
tt9916714,tvEpisode,Episode dated 23 February 2012,Episode dated 23 February 2012,0,2012,\N,\N,Talk-Show
tt9916716,tvEpisode,Episode dated 24 February 2012,Episode dated 24 February 2012,0,2012,\N,\N,Talk-Show
tt9916718,tvEpisode,Episode dated 25 February 2012,Episode dated 25 February 2012,0,2012,\N,\N,Talk-Show
tt9916720,short,The Nun 2,The Nun 2,0,2019,\N,10,"Comedy,Horror,Mystery"
tt9916724,short,Hay Que Ser Paciente,Hay Que Ser Paciente,0,2015,\N,3,"Documentary,Short"
tt9916726,tvEpisode,"Olho Tudo, Boca Nada","Olho Tudo, Boca Nada",0,2019,\N,\N,Talk-Show
tt9916728,tvEpisode,HK 21 - Episode 3,HK 21 - Episode 3,0,2012,\N,\N,Sport
tt9916730,movie,6 Gunn,6 Gunn,0,2017,\N,116,\N
tt9916732,tvEpisode,Développement personnel: pensez positif,Développement personnel: pensez positif,0,2019,\N,\N,Talk-Show
tt9916736,tvEpisode,Cinema,Cinema,0,2019,\N,\N,Talk-Show
tt9916738,tvEpisode,Meditation for a Young Boy Confirmed,Meditation for a Young Boy Confirmed,0,1973,\N,\N,Family
tt9916740,tvEpisode,"From All Saints' Church, Burton Dassett","From All Saints' Church, Burton Dassett",0,1973,\N,\N,Family
tt9916742,tvEpisode,"From Victoria College, Jersey","From Victoria College, Jersey",0,1973,\N,\N,Family
tt9916744,tvEpisode,De Volta à Era Disco Music,De Volta à Era Disco Music,0,2019,\N,\N,Talk-Show
tt9916746,tvEpisode,HK 21 - Episode 4,HK 21 - Episode 4,0,2012,\N,\N,Sport
tt9916750,tvEpisode,Assita Kanko,Assita Kanko,0,2019,\N,\N,"Comedy,News,Talk-Show"
tt9916752,tvEpisode,Ruth Beeckmans en Matteo Simoni,Ruth Beeckmans en Matteo Simoni,0,2019,\N,\N,"Comedy,News,Talk-Show"
tt9916754,movie,Chico Albuquerque - Revelações,Chico Albuquerque - Revelações,0,2013,\N,49,Documentary
tt9916756,short,Pretty Pretty Black Girl,Pretty Pretty Black Girl,0,2019,\N,\N,Short
tt9916758,tvEpisode,Willy Naessens,Willy Naessens,0,2019,\N,\N,"Comedy,News,Talk-Show"
tt9916760,tvEpisode,Episode #2.21,Episode #2.21,0,2009,\N,\N,"Action,Drama,Family"
tt9916762,tvEpisode,Episode #2.22,Episode #2.22,0,2009,\N,\N,"Action,Drama,Family"
tt9916764,short,38,38,0,2018,\N,\N,Short
tt9916766,tvEpisode,Episode #10.15,Episode #10.15,0,2019,\N,43,"Family,Reality-TV"
tt9916768,tvEpisode,Episode #2.23,Episode #2.23,0,2009,\N,\N,"Action,Drama,Family"
tt9916770,tvEpisode,Episode #2.24,Episode #2.24,0,2009,\N,\N,"Action,Drama,Family"
tt9916774,tvEpisode,Episode #2.25,Episode #2.25,0,2009,\N,\N,"Action,Drama,Family"
tt9916776,tvEpisode,Talent Coaching with IMOR's Bianca Desmore Mitchell: an interview on the Hangin With Web Show,Talent Coaching with IMOR's Bianca Desmore Mitchell: an interview on the Hangin With Web Show,0,2019,\N,\N,Talk-Show
tt9916778,tvEpisode,Escape,Escape,0,2019,\N,\N,"Crime,Drama,Mystery"
tt9916780,tvEpisode,Episode #2.26,Episode #2.26,0,2009,\N,\N,"Action,Drama,Family"
tt9916782,tvEpisode,Episode #2.27,Episode #2.27,0,2009,\N,\N,"Action,Drama,Family"
tt9916784,tvEpisode,Episode #2.28,Episode #2.28,0,2009,\N,\N,"Action,Drama,Family"
tt9916786,tvEpisode,Episode #2.29,Episode #2.29,0,2009,\N,\N,"Action,Drama,Family"
tt9916788,tvEpisode,Episode #2.30,Episode #2.30,0,2009,\N,\N,"Action,Drama,Family"
tt9916790,tvEpisode,Tinne Oltmans,Tinne Oltmans,0,2019,\N,\N,"Comedy,News,Talk-Show"
tt9916792,tvEpisode,Episode #2.32,Episode #2.32,0,2009,\N,\N,"Action,Drama,Family"
tt9916794,tvEpisode,Episode #2.33,Episode #2.33,0,2009,\N,\N,"Action,Drama,Family"
tt9916796,tvEpisode,Episode #2.34,Episode #2.34,0,2009,\N,\N,"Action,Drama,Family"
tt9916798,tvEpisode,Episode #2.36,Episode #2.36,0,2009,\N,\N,"Action,Drama,Family"
tt9916800,tvEpisode,Episode #2.35,Episode #2.35,0,2009,\N,\N,"Action,Drama,Family"
tt9916802,tvEpisode,Luc Janssens,Luc Janssens,0,2019,\N,\N,"Comedy,News,Talk-Show"
tt9916804,tvEpisode,Episode #2.37,Episode #2.37,0,2009,\N,\N,"Action,Drama,Family"
tt9916806,tvEpisode,Episode #3.1,Episode #3.1,0,2010,\N,\N,"Action,Drama,Family"
tt9916808,tvEpisode,Episode #3.2,Episode #3.2,0,2010,\N,\N,"Action,Drama,Family"
tt9916810,tvEpisode,Danira Boukhriss Terkessidis,Danira Boukhriss Terkessidis,0,2019,\N,\N,"Comedy,News,Talk-Show"
tt9916812,tvEpisode,Episode #3.3,Episode #3.3,0,2010,\N,\N,"Action,Drama,Family"
tt9916814,tvEpisode,Episode #3.4,Episode #3.4,0,2010,\N,\N,"Action,Drama,Family"
tt9916816,tvEpisode,Episode #3.5,Episode #3.5,0,2010,\N,\N,"Action,Drama,Family"
tt9916818,tvEpisode,Episode #3.6,Episode #3.6,0,2010,\N,\N,"Action,Drama,Family"
tt9916820,tvEpisode,Episode #3.7,Episode #3.7,0,2010,\N,\N,"Action,Drama,Family"
tt9916822,tvEpisode,Episode #3.8,Episode #3.8,0,2010,\N,\N,"Action,Drama,Family"
tt9916824,tvEpisode,Episode #3.9,Episode #3.9,0,2010,\N,\N,"Action,Drama,Family"
tt9916826,tvEpisode,Episode #3.10,Episode #3.10,0,2010,\N,\N,"Action,Drama,Family"
tt9916830,tvEpisode,Episode #2.6,Episode #2.6,0,1973,\N,\N,Game-Show
tt9916832,tvEpisode,Episode #3.11,Episode #3.11,0,2010,\N,\N,"Action,Drama,Family"
tt9916834,tvEpisode,Episode #3.12,Episode #3.12,0,2010,\N,\N,"Action,Drama,Family"
tt9916836,tvEpisode,Episode #3.14,Episode #3.14,0,2010,\N,\N,"Action,Drama,Family"
tt9916838,tvEpisode,Episode #3.13,Episode #3.13,0,2010,\N,\N,"Action,Drama,Family"
tt9916840,tvEpisode,Horrid Henry's Comic Caper,Horrid Henry's Comic Caper,0,2014,\N,11,"Adventure,Animation,Comedy"
tt9916842,tvEpisode,Episode #3.16,Episode #3.16,0,2010,\N,\N,"Action,Drama,Family"
tt9916844,tvEpisode,Episode #3.15,Episode #3.15,0,2010,\N,\N,"Action,Drama,Family"
tt9916846,tvEpisode,Episode #3.18,Episode #3.18,0,2010,\N,\N,"Action,Drama,Family"
tt9916848,tvEpisode,Episode #3.17,Episode #3.17,0,2010,\N,\N,"Action,Drama,Family"
tt9916850,tvEpisode,Episode #3.19,Episode #3.19,0,2010,\N,\N,"Action,Drama,Family"
tt9916852,tvEpisode,Episode #3.20,Episode #3.20,0,2010,\N,\N,"Action,Drama,Family"
tt9916856,short,The Wind,The Wind,0,2015,\N,27,Short
tt9916880,tvEpisode,Horrid Henry Knows It All,Horrid Henry Knows It All,0,2014,\N,10,"Adventure,Animation,Comedy"
tt0000001,short,Carmencita,Carmencita,0,1894,\N,1,"Documentary,Short"
tt0000002,short,Le clown et ses chiens,Le clown et ses chiens,0,1892,\N,5,"Animation,Short"